date_time,price,file_name
1553731200000,0.003594152541625728,01coin
1553817600000,0.0034646571224195982,01coin
1553904000000,0.00353234245270932,01coin
1553990400000,0.0038698880821797167,01coin
1554076800000,0.003882719423405972,01coin
1554163200000,0.0037296956580699877,01coin
1554249600000,0.004487744895399804,01coin
1554336000000,0.004431890208364855,01coin
1554422400000,0.004290262251673601,01coin
1554508800000,0.004413552522403209,01coin
1554595200000,0.004148592945663233,01coin
1554681600000,0.003993762300957633,01coin
1554768000000,0.003985492480059486,01coin
1554854400000,0.0036092416534121295,01coin
1554940800000,0.0032838085733769987,01coin
1555027200000,0.003115913100550864,01coin
1555113600000,0.0031148311831672056,01coin
1555200000000,0.003035521113116439,01coin
1555286400000,0.0024988750762981464,01coin
1555372800000,0.0026892476767428845,01coin
1555459200000,0.0027395569498898605,01coin
1555545600000,0.0023042831997869117,01coin
1555632000000,0.0026067882416048985,01coin
1555718400000,0.002317382001129391,01coin
1555804800000,0.002246543290354315,01coin
1555891200000,0.002076701402047466,01coin
1555977600000,0.0023268156116249394,01coin
1556064000000,0.002404964384963356,01coin
1556150400000,0.002205922910573245,01coin
1556236800000,0.0019572477668739906,01coin
1556323200000,0.0017485239614765653,01coin
1556409600000,0.001816325635707534,01coin
1556496000000,0.002529027266912295,01coin
1556582400000,0.002785084169482347,01coin
1556668800000,0.0028727804500223004,01coin
1556755200000,0.0024348235079090655,01coin
1556841600000,0.0023875070886875435,01coin
1556928000000,0.0030966087119221526,01coin
1557014400000,0.002839279881070649,01coin
1557100800000,0.0027631476576801266,01coin
1557187200000,0.0026990502733425913,01coin
1557273600000,0.0024336330679789477,01coin
1557360000000,0.002554190194555037,01coin
1557446400000,0.0024945855171105763,01coin
1557532800000,0.0023442932567638093,01coin
1557619200000,0.002496778490951345,01coin
1557705600000,0.002324242080097746,01coin
1557792000000,0.0026888088026189682,01coin
1557878400000,0.0026125615385166265,01coin
1557964800000,0.0028300396301598587,01coin
1558051200000,0.002871413667397172,01coin
1558137600000,0.0024160544574086153,01coin
1558224000000,0.0024768965655075233,01coin
1558310400000,0.0028028701823147504,01coin
1558396800000,0.0024972110937996656,01coin
1558483200000,0.002499620549459858,01coin
1558569600000,0.003131454422911799,01coin
1558656000000,0.004554956056967425,01coin
1558742400000,0.004005132504668015,01coin
1558828800000,0.00413155518966393,01coin
1558915200000,0.004359773950261175,01coin
1559001600000,0.003853930699312746,01coin
1559088000000,0.0037990380212002115,01coin
1559174400000,0.0037822277328439435,01coin
1559260800000,0.0035384003391007376,01coin
1559347200000,0.0032172728529935245,01coin
1559433600000,0.0036052665354150346,01coin
1559520000000,0.004023074578315776,01coin
1559606400000,0.003497249886241678,01coin
1559692800000,0.003087912709281818,01coin
1559779200000,0.0031728157792750384,01coin
1559865600000,0.003354341808247417,01coin
1559952000000,0.003411194577974964,01coin
1560038400000,0.0035154541738826204,01coin
1560124800000,0.0031752918931536676,01coin
1560211200000,0.0032963626764543554,01coin
1560297600000,0.003258245322201425,01coin
1560384000000,0.0034771763827931633,01coin
1560470400000,0.0033945767257490757,01coin
1560556800000,0.0038962594208371564,01coin
1560643200000,0.003512341536152293,01coin
1560729600000,0.0033792609425258462,01coin
1560816000000,0.00339637596751509,01coin
1560902400000,0.0026340230538862276,01coin
1560988800000,0.002980590993471222,01coin
1561075200000,0.0030002044050407572,01coin
1561161600000,0.0030008404737952694,01coin
1561248000000,0.002444193766513348,01coin
1561334400000,0.002554161057086762,01coin
1561420800000,0.0030035626480740337,01coin
1561507200000,0.0031716658999516056,01coin
1561593600000,0.003594543123149929,01coin
1561680000000,0.0025241976527962894,01coin
1561766400000,0.0038534756334596128,01coin
1561852800000,0.00264900810846617,01coin
1561939200000,0.0023893360668274283,01coin
1562025600000,0.0026643050643314343,01coin
1562112000000,0.002881375569030622,01coin
1562198400000,0.003151220452141941,01coin
1562284800000,0.0028021273317381298,01coin
1562371200000,0.002628925180715241,01coin
1562457600000,0.002702875182414395,01coin
1562544000000,0.0027165515487344066,01coin
1562630400000,0.0028049766850268337,01coin
1562716800000,0.0030258758841578757,01coin
1562803200000,0.003462156277657519,01coin
1562889600000,0.0031290603445126406,01coin
1562976000000,0.00398125366637513,01coin
1563062400000,0.0035785433913660255,01coin
1563148800000,0.00272029709683587,01coin
1563235200000,0.0029711322585279035,01coin
1563321600000,0.0025786841511102397,01coin
1563408000000,0.0024066767608427663,01coin
1563494400000,0.0026632313010055393,01coin
1563580800000,0.003421796868398421,01coin
1563667200000,0.0027379815645248596,01coin
1563753600000,0.0027463834691188248,01coin
1563840000000,0.002682160484517228,01coin
1563926400000,0.0025061870733333325,01coin
1564012800000,0.0022838605707846587,01coin
1564099200000,0.0023526725724712675,01coin
1564185600000,0.0022734031677068742,01coin
1564272000000,0.002219089570840803,01coin
1564358400000,0.0021567627700006652,01coin
1564444800000,0.002458699937664282,01coin
1564531200000,0.0024437888811756838,01coin
1564617600000,0.002266568871432041,01coin
1564704000000,0.002447546274714919,01coin
1564790400000,0.0024744251928930034,01coin
1564876800000,0.002622707657916865,01coin
1564963200000,0.0025554044331342327,01coin
1565049600000,0.0027911525030672023,01coin
1565136000000,0.0027308012813684595,01coin
1565222400000,0.002860846303641261,01coin
1565308800000,0.002808322880574077,01coin
1565395200000,0.002822198484383996,01coin
1565481600000,0.002456719950709674,01coin
1565568000000,0.0024815326201502643,01coin
1565654400000,0.002503642841663599,01coin
1565740800000,0.002266222506428899,01coin
1565827200000,0.0020783525823849388,01coin
1565913600000,0.0021200694938956423,01coin
1566000000000,0.002031658261229716,01coin
1566086400000,0.002020474587388331,01coin
1566172800000,0.0020400654064085606,01coin
1566259200000,0.0018928794392506568,01coin
1566345600000,0.0017792829272040118,01coin
1566432000000,0.0015869904263068897,01coin
1566518400000,0.001355550652369834,01coin
1566604800000,0.0014843948331303156,01coin
1566691200000,0.0013371702976027549,01coin
1566777600000,0.001261866685900073,01coin
1566864000000,0.0013046829359356865,01coin
1566950400000,0.0017792600174310464,01coin
1567036800000,0.0013899373322782927,01coin
1567123200000,0.002012671604248252,01coin
1567209600000,0.001831325586539783,01coin
1567296000000,0.002111553569657024,01coin
1567382400000,0.002167798569000409,01coin
1567468800000,0.0022813955403647433,01coin
1567555200000,0.0023665347593897277,01coin
1567641600000,0.0023485858526332377,01coin
1567728000000,0.0023568770184417566,01coin
1567814400000,0.002553999221451475,01coin
1567900800000,0.00260672357101472,01coin
1567987200000,0.0026086821025521102,01coin
1568073600000,0.002508200841907331,01coin
1568160000000,0.002511576334139191,01coin
1568246400000,0.002499031114037798,01coin
1568332800000,0.0025350649298760968,01coin
1568419200000,0.002216055659633604,01coin
1568505600000,0.0023295825321395626,01coin
1568592000000,0.0025236005293209547,01coin
1568678400000,0.00246857685364788,01coin
1568764800000,0.002527477877763256,01coin
1568851200000,0.0022750371501219935,01coin
1568937600000,0.0021662825358147323,01coin
1569024000000,0.0021251136463434944,01coin
1569110400000,0.0020374597420763957,01coin
1569196800000,0.0020906918862261953,01coin
1569283200000,0.002176634937829146,01coin
1569369600000,0.0017443385098661046,01coin
1569456000000,0.001686529596096566,01coin
1569542400000,0.001778674696301052,01coin
1569628800000,0.0017429963977660676,01coin
1569715200000,0.0017316506021414267,01coin
1569801600000,0.001700966800531967,01coin
1569888000000,0.0017550561317805464,01coin
1569974400000,0.00188524393148424,01coin
1570060800000,0.00188524393148424,01coin
1570147200000,0.001880141732900308,01coin
1570233600000,0.0019109446369241201,01coin
1570320000000,0.0019119023435494042,01coin
1570406400000,0.0018324567409526722,01coin
1570492800000,0.0019366099185026471,01coin
1570579200000,0.0018487155073891451,01coin
1570665600000,0.0018863231484681452,01coin
1570752000000,0.0020613610917134336,01coin
1570838400000,0.0020422697403148235,01coin
1570924800000,0.0017809515962275166,01coin
1571011200000,0.0018643519930225095,01coin
1571097600000,0.0019364270276290875,01coin
1571184000000,0.0017977368608221682,01coin
1571270400000,0.0016413247850588552,01coin
1571356800000,0.0016484402230240195,01coin
1571443200000,0.0015837555738536224,01coin
1571529600000,0.001560002679795016,01coin
1571616000000,0.0016168627890434312,01coin
1571702400000,0.0013713331102721022,01coin
1571788800000,0.0014785921048063757,01coin
1571875200000,0.0013205585444131238,01coin
1571961600000,0.0013081329059907558,01coin
1572048000000,0.0015296297973661018,01coin
1572134400000,0.0016449345488213235,01coin
1572220800000,0.0016481863716144142,01coin
1572307200000,0.0015961109979009875,01coin
1572393600000,0.001740633666545092,01coin
1572480000000,0.0018710244048396863,01coin
1572566400000,0.0017479140489328267,01coin
1572652800000,0.001721320455706806,01coin
1572739200000,0.0014228909410960314,01coin
1572825600000,0.0014277311571031417,01coin
1572912000000,0.0014485689426067397,01coin
1572998400000,0.001416849859273746,01coin
1573084800000,0.0014357842103646203,01coin
1573171200000,0.0014575580952726408,01coin
1573257600000,0.0014232758067225946,01coin
1573344000000,0.001348677093734785,01coin
1573430400000,0.0013020226396817677,01coin
1573516800000,0.0014482521235490036,01coin
1573603200000,0.001504727302875488,01coin
1573689600000,0.0014664532561690646,01coin
1573776000000,0.0014874362543607295,01coin
1573862400000,0.0012638857338109792,01coin
1573948800000,0.0012446073621646156,01coin
1574035200000,0.0013521811595234743,01coin
1574121600000,0.0012235065302329238,01coin
1574208000000,0.001180182123493648,01coin
1574294400000,0.0013113223766143898,01coin
1574380800000,0.001257341118932005,01coin
1574467200000,0.00115290040503261,01coin
1574553600000,0.0011263151351909649,01coin
1574640000000,0.001036770949449384,01coin
1574726400000,0.0011440563958155072,01coin
1574812800000,0.0012522779778446395,01coin
1574899200000,0.0012163863979345003,01coin
1574985600000,0.001161924153793664,01coin
1575072000000,0.001670221478434934,01coin
1575158400000,0.001315289368276997,01coin
1575244800000,0.0034917030541722492,01coin
1575331200000,0.002284499774822288,01coin
1575417600000,0.002165642282602402,01coin
1575504000000,0.0020576972452503333,01coin
1575590400000,0.0020862364780613323,01coin
1575676800000,0.0017442128768519092,01coin
1575763200000,0.002001242238541174,01coin
1575849600000,0.0020704895891159036,01coin
1575936000000,0.001999766994877556,01coin
1576022400000,0.0019589481242330985,01coin
1576108800000,0.0018062973522732309,01coin
1576195200000,0.0017996882713982357,01coin
1576281600000,0.001789687116363913,01coin
1576368000000,0.0017962056889041188,01coin
1576454400000,0.0020639927889185795,01coin
1576540800000,0.001980846103675476,01coin
1576627200000,0.0017044725094894644,01coin
1576713600000,0.005040719545389931,01coin
1576800000000,0.0033224135313658534,01coin
1576886400000,0.003203693675179899,01coin
1576972800000,0.00348422911838852,01coin
1577059200000,0.004670741259610573,01coin
1577145600000,0.0034753645682314596,01coin
1577232000000,0.0025209293260661843,01coin
1577318400000,0.002851880477223882,01coin
1577404800000,0.0032350557541294266,01coin
1577491200000,0.0034563929118597773,01coin
1577577600000,0.0028308841625693626,01coin
1577664000000,0.0023682033397238304,01coin
1577750400000,0.0024104552859095366,01coin
1577836800000,0.002074237263393953,01coin
1577923200000,0.0020000081358255766,01coin
1578009600000,0.0021232020549280433,01coin
1578096000000,0.002515014379768906,01coin
1578182400000,0.002043957522618609,01coin
1578268800000,0.0018425861238141196,01coin
1578355200000,0.0019242403178659332,01coin
1578441600000,0.0019349163712766204,01coin
1578528000000,0.0019991653126061083,01coin
1578614400000,0.001994151963369065,01coin
1578700800000,0.00173085718394346,01coin
1578787200000,0.0017268920573669368,01coin
1578873600000,0.001734744139937932,01coin
1578960000000,0.002001634195548236,01coin
1579046400000,0.0019942441685849637,01coin
1579132800000,0.0018328974131689411,01coin
1579219200000,0.001880794292183387,01coin
1579305600000,0.0018588190067110465,01coin
1579392000000,0.0019712204662021677,01coin
1579478400000,0.002171648387650153,01coin
1579564800000,0.0017981194037878297,01coin
1579603958000,0.0017973958986616553,01coin
1559001600000,0.0008397075704562483,02-token
1559088000000,0.0008397075704562483,02-token
1559174400000,0.0008397075704562483,02-token
1559260800000,0.0008397075704562483,02-token
1559347200000,0.0008397075704562483,02-token
1559433600000,0.0008397075704562483,02-token
1559520000000,0.0008397075704562483,02-token
1559606400000,0.0008397075704562483,02-token
1559692800000,0.0008397075704562483,02-token
1559779200000,0.0008397075704562483,02-token
1559865600000,0.0008397075704562483,02-token
1559952000000,0.0008397075704562483,02-token
1560038400000,0.0008397075704562483,02-token
1560124800000,0.0008397075704562483,02-token
1560211200000,0.0008397075704562483,02-token
1560297600000,0.0008397075704562483,02-token
1560384000000,0.0008397075704562483,02-token
1560470400000,0.0008397075704562483,02-token
1560556800000,0.0008397075704562483,02-token
1560643200000,0.0008397075704562483,02-token
1560729600000,0.0008397075704562483,02-token
1560816000000,0.0008397075704562483,02-token
1560902400000,0.0008397075704562483,02-token
1560988800000,0.0008397075704562483,02-token
1561075200000,0.0008397075704562483,02-token
1561161600000,0.0008397075704562483,02-token
1561248000000,0.0008397075704562483,02-token
1561334400000,0.0008397075704562483,02-token
1561420800000,0.0008397075704562483,02-token
1561507200000,0.0008397075704562483,02-token
1561593600000,0.0008397075704562483,02-token
1561680000000,0.0008397075704562483,02-token
1561766400000,0.0008397075704562483,02-token
1561852800000,0.0008397075704562483,02-token
1561939200000,0.0008397075704562483,02-token
1562025600000,0.0008397075704562483,02-token
1562112000000,0.0008397075704562483,02-token
1562198400000,0.0008397075704562483,02-token
1562284800000,0.0008397075704562483,02-token
1562371200000,0.0008397075704562483,02-token
1562457600000,0.0008397075704562483,02-token
1562544000000,0.0008397075704562483,02-token
1562630400000,0.0008397075704562483,02-token
1562716800000,0.0008397075704562483,02-token
1562803200000,0.0008397075704562483,02-token
1562889600000,0.0008397075704562483,02-token
1562976000000,0.0008397075704562483,02-token
1563062400000,0.0008397075704562483,02-token
1563148800000,0.0008397075704562483,02-token
1563235200000,0.0008397075704562483,02-token
1563321600000,0.0008397075704562483,02-token
1563408000000,0.0008397075704562483,02-token
1563494400000,0.0008397075704562483,02-token
1563580800000,0.0008397075704562483,02-token
1563667200000,0.0008397075704562483,02-token
1563753600000,0.0008397075704562483,02-token
1563840000000,0.0008397075704562483,02-token
1563926400000,0.0008397075704562483,02-token
1564012800000,0.0008397075704562483,02-token
1564099200000,0.0008397075704562483,02-token
1564185600000,0.0008397075704562483,02-token
1564272000000,0.0008397075704562483,02-token
1564358400000,0.0008397075704562483,02-token
1564444800000,0.0008397075704562483,02-token
1564531200000,0.0008397075704562483,02-token
1564617600000,0.0008397075704562483,02-token
1564704000000,0.0008397075704562483,02-token
1564790400000,0.0008397075704562483,02-token
1564876800000,0.0008397075704562483,02-token
1564963200000,0.0008397075704562483,02-token
1565049600000,0.0008397075704562483,02-token
1565136000000,0.0008397075704562483,02-token
1565222400000,0.0008397075704562483,02-token
1565308800000,0.0008397075704562483,02-token
1565395200000,0.0008397075704562483,02-token
1565481600000,0.0008397075704562483,02-token
1565568000000,0.0008397075704562483,02-token
1565654400000,0.0008397075704562483,02-token
1565740800000,0.0008397075704562483,02-token
1565827200000,0.0008397075704562483,02-token
1565913600000,0.0008397075704562483,02-token
1566000000000,0.0008397075704562483,02-token
1566086400000,0.0008397075704562483,02-token
1566172800000,0.0008397075704562483,02-token
1566259200000,0.0008397075704562483,02-token
1566345600000,0.0008397075704562483,02-token
1566432000000,0.0008397075704562483,02-token
1566518400000,0.0008397075704562483,02-token
1566604800000,0.0008397075704562483,02-token
1566691200000,0.0008397075704562483,02-token
1566777600000,0.0008397075704562483,02-token
1566864000000,0.0008397075704562483,02-token
1566950400000,0.0008397075704562483,02-token
1567036800000,0.0008397075704562483,02-token
1567123200000,0.0008397075704562483,02-token
1567209600000,0.0008397075704562483,02-token
1567296000000,0.0008397075704562483,02-token
1567382400000,0.0008397075704562483,02-token
1567468800000,0.0008397075704562483,02-token
1567555200000,0.0008397075704562483,02-token
1567641600000,0.0008397075704562483,02-token
1567728000000,0.0008397075704562483,02-token
1567814400000,0.0008397075704562483,02-token
1567900800000,0.0008397075704562483,02-token
1567987200000,0.0008397075704562483,02-token
1568073600000,0.0008397075704562483,02-token
1568160000000,0.0008397075704562483,02-token
1568246400000,0.0008397075704562483,02-token
1568332800000,0.0008397075704562483,02-token
1568419200000,0.0008397075704562483,02-token
1568505600000,0.0008397075704562483,02-token
1568592000000,0.0008397075704562483,02-token
1568678400000,0.0008397075704562483,02-token
1568764800000,0.0008397075704562483,02-token
1568851200000,0.0008397075704562483,02-token
1568937600000,0.0008397075704562483,02-token
1569024000000,0.0008397075704562483,02-token
1569110400000,0.0008397075704562483,02-token
1569196800000,0.0008397075704562483,02-token
1569283200000,0.0008397075704562483,02-token
1569369600000,0.0008397075704562483,02-token
1569456000000,0.0008397075704562483,02-token
1569542400000,0.0008397075704562483,02-token
1569628800000,0.0008397075704562483,02-token
1569715200000,0.0008397075704562483,02-token
1569801600000,0.0008397075704562483,02-token
1569888000000,0.0008397075704562483,02-token
1569974400000,0.0008397075704562483,02-token
1570060800000,0.0008397075704562483,02-token
1570147200000,0.0008397075704562483,02-token
1570233600000,0.0008397075704562483,02-token
1570320000000,0.0008397075704562483,02-token
1570406400000,0.0008397075704562483,02-token
1570492800000,0.0008397075704562483,02-token
1570579200000,0.0008397075704562483,02-token
1570665600000,0.0008397075704562483,02-token
1570752000000,0.0008397075704562483,02-token
1570838400000,0.0008397075704562483,02-token
1570924800000,0.0008397075704562483,02-token
1571011200000,0.0008397075704562483,02-token
1571097600000,0.0008397075704562483,02-token
1571184000000,0.0008397075704562483,02-token
1571270400000,0.0008397075704562483,02-token
1571356800000,0.0008397075704562483,02-token
1571443200000,0.0008397075704562483,02-token
1571529600000,0.0008397075704562483,02-token
1571616000000,0.0008397075704562483,02-token
1571702400000,0.0008397075704562483,02-token
1571788800000,0.0008397075704562483,02-token
1571875200000,0.0008397075704562483,02-token
1571961600000,0.0008397075704562483,02-token
1572048000000,0.0008397075704562483,02-token
1572134400000,0.0008397075704562483,02-token
1572220800000,0.0008397075704562483,02-token
1572307200000,0.0008397075704562483,02-token
1572393600000,0.0008397075704562483,02-token
1572480000000,0.0008397075704562483,02-token
1572566400000,0.0008397075704562483,02-token
1572652800000,0.0008397075704562483,02-token
1572739200000,0.0008397075704562483,02-token
1572825600000,0.0008397075704562483,02-token
1572912000000,0.0008397075704562483,02-token
1572998400000,0.0008397075704562483,02-token
1573084800000,0.0008397075704562483,02-token
1573171200000,0.0008397075704562483,02-token
1573257600000,0.0008397075704562483,02-token
1573344000000,0.0008397075704562483,02-token
1573430400000,0.0008397075704562483,02-token
1573516800000,0.0008397075704562483,02-token
1573603200000,0.0008397075704562483,02-token
1573689600000,0.0008397075704562483,02-token
1573776000000,0.0008397075704562483,02-token
1573862400000,0.0008397075704562483,02-token
1573948800000,0.0008397075704562483,02-token
1574035200000,0.0008397075704562483,02-token
1574121600000,0.0008397075704562483,02-token
1574208000000,0.0008397075704562483,02-token
1574294400000,0.0008397075704562483,02-token
1574380800000,0.0008397075704562483,02-token
1574467200000,0.0008397075704562483,02-token
1574553600000,0.0008397075704562483,02-token
1574640000000,0.0008397075704562483,02-token
1574726400000,0.0008397075704562483,02-token
1574812800000,0.0008397075704562483,02-token
1574899200000,0.0008397075704562483,02-token
1574985600000,0.0008397075704562483,02-token
1575072000000,0.0008397075704562483,02-token
1575158400000,0.0008397075704562483,02-token
1575244800000,0.0008397075704562483,02-token
1575331200000,0.0008397075704562483,02-token
1575417600000,0.0008397075704562483,02-token
1575504000000,0.0008397075704562483,02-token
1575590400000,0.0008397075704562483,02-token
1575676800000,0.0008397075704562483,02-token
1575763200000,0.0008397075704562483,02-token
1575849600000,0.0008397075704562483,02-token
1575936000000,0.0008397075704562483,02-token
1576022400000,0.0008397075704562483,02-token
1576108800000,0.0008397075704562483,02-token
1576195200000,0.0008397075704562483,02-token
1576281600000,0.0008397075704562483,02-token
1576368000000,0.0008397075704562483,02-token
1576454400000,0.0008397075704562483,02-token
1576540800000,0.0008397075704562483,02-token
1576627200000,0.0008397075704562483,02-token
1576713600000,0.0008397075704562483,02-token
1576800000000,0.0008397075704562483,02-token
1576886400000,0.0008397075704562483,02-token
1576972800000,0.0008397075704562483,02-token
1577059200000,0.0008397075704562483,02-token
1577145600000,0.0008397075704562483,02-token
1577232000000,0.0008397075704562483,02-token
1577318400000,0.0008397075704562483,02-token
1577404800000,0.0008397075704562483,02-token
1577332821000,0.0008397075704562483,02-token
1553731200000,0.10052289995088962,0chain
1553817600000,0.09428749232492056,0chain
1553904000000,0.10266094171014489,0chain
1553990400000,0.09691739417057715,0chain
1554076800000,0.09736280017652951,0chain
1554163200000,0.09751538253454237,0chain
1554249600000,0.11320643898454703,0chain
1554336000000,0.10960468449008039,0chain
1554422400000,0.10786446221714065,0chain
1554508800000,0.11012932839408128,0chain
1554595200000,0.11031511718314556,0chain
1554681600000,0.11706718178434365,0chain
1554768000000,0.12678803272250266,0chain
1554854400000,0.11884371502344884,0chain
1554940800000,0.12266067651456451,0chain
1555027200000,0.12498042830220946,0chain
1555113600000,0.11954309445580938,0chain
1555200000000,0.1187427699479956,0chain
1555286400000,0.1168698947294828,0chain
1555372800000,0.11601375956746791,0chain
1555459200000,0.11822190695957936,0chain
1555545600000,0.11413813833839587,0chain
1555632000000,0.12181190315798517,0chain
1555718400000,0.11970814451661689,0chain
1555804800000,0.11809660531888118,0chain
1555891200000,0.11773173836305441,0chain
1555977600000,0.11945058578328446,0chain
1556064000000,0.10763814875297528,0chain
1556150400000,0.101743297904036,0chain
1556236800000,0.09573922064315891,0chain
1556323200000,0.09751121970028903,0chain
1556409600000,0.09946288074201272,0chain
1556496000000,0.09448019663686204,0chain
1556582400000,0.08286234987017088,0chain
1556668800000,0.09477034485138862,0chain
1556755200000,0.08680466659536482,0chain
1556841600000,0.09576521658567157,0chain
1556928000000,0.10585487632142787,0chain
1557014400000,0.10278094341914261,0chain
1557100800000,0.10920376228614108,0chain
1557187200000,0.11583367391034456,0chain
1557273600000,0.1083551265389965,0chain
1557360000000,0.08369053496777164,0chain
1557446400000,0.08218884581981123,0chain
1557532800000,0.07949407722582207,0chain
1557619200000,0.08639113806175877,0chain
1557705600000,0.08405717597254356,0chain
1557792000000,0.07629451184093929,0chain
1557878400000,0.08447687981624341,0chain
1557964800000,0.10154636013499509,0chain
1558051200000,0.10399595876369476,0chain
1558137600000,0.08455487687619832,0chain
1558224000000,0.0972519667523818,0chain
1558310400000,0.1034480338238241,0chain
1558396800000,0.10845289373177867,0chain
1558483200000,0.11484439806332644,0chain
1558569600000,0.09798558510755465,0chain
1558656000000,0.1014857104855253,0chain
1558742400000,0.10730158900679679,0chain
1558828800000,0.10798355584804456,0chain
1558915200000,0.12126957293461245,0chain
1559001600000,0.1232876994140997,0chain
1559088000000,0.11695313144370577,0chain
1559174400000,0.09490931387620646,0chain
1559260800000,0.12395176459410756,0chain
1559347200000,0.11145817605861529,0chain
1559433600000,0.12443889890687107,0chain
1559520000000,0.11596487289373052,0chain
1559606400000,0.12019901743158494,0chain
1559692800000,0.10565944597401589,0chain
1559779200000,0.10450675145505242,0chain
1559865600000,0.07410163970502966,0chain
1559952000000,0.09630837423222732,0chain
1560038400000,0.08462717452794621,0chain
1560124800000,0.07675742101892652,0chain
1560211200000,0.058619193472387386,0chain
1560297600000,0.08971393511643501,0chain
1560384000000,0.08546917583906093,0chain
1560470400000,0.08068431617334286,0chain
1560556800000,0.07863976061416779,0chain
1560643200000,0.08772597434429492,0chain
1560729600000,0.08371327090372899,0chain
1560816000000,0.07524163130101832,0chain
1560902400000,0.05787948044087903,0chain
1560988800000,0.09722486134895604,0chain
1561075200000,0.06914768773407558,0chain
1561161600000,0.07771448038024038,0chain
1561248000000,0.06225789044673144,0chain
1561334400000,0.06640542737656505,0chain
1561420800000,0.055627366544621464,0chain
1561507200000,0.06445901748848427,0chain
1561593600000,0.0696051709490973,0chain
1561680000000,0.06825992106934708,0chain
1561766400000,0.07040304484608613,0chain
1561852800000,0.0704354510895982,0chain
1561939200000,0.06469442416672834,0chain
1562025600000,0.06153022570136425,0chain
1562112000000,0.06708613273469582,0chain
1562198400000,0.07222875749805568,0chain
1562284800000,0.09286699380562381,0chain
1562371200000,0.06711601811274652,0chain
1562457600000,0.06768351948920717,0chain
1562544000000,0.06864133209208169,0chain
1562630400000,0.08125025209420726,0chain
1562716800000,0.07545164287628166,0chain
1562803200000,0.0598797695337928,0chain
1562889600000,0.060836229230989566,0chain
1562976000000,0.055204602738819004,0chain
1563062400000,0.0523224704026493,0chain
1563148800000,0.0524727000579325,0chain
1563235200000,0.05344655377009775,0chain
1563321600000,0.03803853455591571,0chain
1563408000000,0.04977384452853744,0chain
1563494400000,0.045987101844159224,0chain
1563580800000,0.0530933410924902,0chain
1563667200000,0.058346248525855,0chain
1563753600000,0.05388853916384392,0chain
1563840000000,0.04466139433159608,0chain
1563926400000,0.0356808908888973,0chain
1564012800000,0.07836044441881926,0chain
1564099200000,0.0769710868705755,0chain
1564185600000,0.09083738130078833,0chain
1564272000000,0.09141746839561099,0chain
1564358400000,0.10535575749033657,0chain
1564444800000,0.08711679280186267,0chain
1564531200000,0.08561260435180552,0chain
1564617600000,0.10061301564160863,0chain
1564704000000,0.10225637235857633,0chain
1564790400000,0.09974131568740044,0chain
1564876800000,0.09660454177220557,0chain
1564963200000,0.0892658498942755,0chain
1565049600000,0.10356963315250002,0chain
1565136000000,0.10550229205480033,0chain
1565222400000,0.08940805060650513,0chain
1565308800000,0.07854289616475761,0chain
1565395200000,0.07011779189632589,0chain
1565481600000,0.06581258103323726,0chain
1565568000000,0.0638312849075379,0chain
1565654400000,0.04638598931235846,0chain
1565740800000,0.06496005220938193,0chain
1565827200000,0.05253607299502648,0chain
1565913600000,0.04897843905146685,0chain
1566000000000,0.05406406869518662,0chain
1566086400000,0.0527829350079514,0chain
1566172800000,0.05592707910003651,0chain
1566259200000,0.060437592611572916,0chain
1566345600000,0.06111178623866487,0chain
1566432000000,0.05341025913958724,0chain
1566518400000,0.06466898084739771,0chain
1566604800000,0.050011426681361264,0chain
1566691200000,0.062051349632611934,0chain
1566777600000,0.05643841703453172,0chain
1566864000000,0.05910910340513597,0chain
1566950400000,0.05423807573148183,0chain
1567036800000,0.06329012472330706,0chain
1567123200000,0.0687,0chain
1567209600000,0.0518107086655591,0chain
1567296000000,0.05515444440916889,0chain
1567382400000,0.05755045765456824,0chain
1567468800000,0.05556355017016077,0chain
1567555200000,0.06018296243356307,0chain
1567641600000,0.061602877048860236,0chain
1567728000000,0.03485936508050964,0chain
1567814400000,0.03377329817876931,0chain
1567900800000,0.045826025403946646,0chain
1567987200000,0.045449591398287977,0chain
1568073600000,0.047667315153877884,0chain
1568160000000,0.04307806867053466,0chain
1568246400000,0.04958308953439991,0chain
1568332800000,0.04642199481679839,0chain
1568419200000,0.055287593745937794,0chain
1568505600000,0.05600697660208137,0chain
1568592000000,0.054557335533619924,0chain
1568678400000,0.054088801618114676,0chain
1568764800000,0.06284711294675663,0chain
1568851200000,0.06503028798622183,0chain
1568937600000,0.06030042599414991,0chain
1569024000000,0.06440115623131978,0chain
1569110400000,0.0634027358693154,0chain
1569196800000,0.05942727756892047,0chain
1569283200000,0.057324648111140526,0chain
1569369600000,0.050714497714798155,0chain
1569456000000,0.05321474061738817,0chain
1569542400000,0.0569162632122724,0chain
1569628800000,0.05167551475423426,0chain
1569715200000,0.05830776585611052,0chain
1569801600000,0.04918466274720718,0chain
1569888000000,0.06023820385663071,0chain
1569974400000,0.038783519539051355,0chain
1570060800000,0.038783519539051355,0chain
1570147200000,0.04406192362943489,0chain
1570233600000,0.04403526936504303,0chain
1570320000000,0.04293555051021049,0chain
1570406400000,0.03927401680615929,0chain
1570492800000,0.04198353791176464,0chain
1570579200000,0.049885349935170846,0chain
1570665600000,0.04679715514451054,0chain
1570752000000,0.04776926922063019,0chain
1570838400000,0.04438931349471973,0chain
1570924800000,0.05322434035727513,0chain
1571011200000,0.048014,0chain
1571097600000,0.048924521232364085,0chain
1571184000000,0.036612120950752586,0chain
1571270400000,0.054501378232850554,0chain
1571356800000,0.05333298881421877,0chain
1571443200000,0.08705566267280009,0chain
1571616000000,0.07035656407921483,0chain
1571702400000,0.05235481635334354,0chain
1571788800000,0.05910042979005234,0chain
1571875200000,0.049837372041529354,0chain
1571961600000,0.04701919202758983,0chain
1572048000000,0.050027997164051215,0chain
1572134400000,0.04979954891070363,0chain
1572220800000,0.05177184502510674,0chain
1572307200000,0.05199578909974637,0chain
1572393600000,0.04928434373370377,0chain
1572480000000,0.044633291784670924,0chain
1572566400000,0.04446871814564697,0chain
1572652800000,0.04635581880548632,0chain
1572739200000,0.0750688849427417,0chain
1572825600000,0.04413827000701774,0chain
1572912000000,0.045142261705077825,0chain
1572998400000,0.04587155194362199,0chain
1573084800000,0.04889969985593932,0chain
1573171200000,0.04700401087432023,0chain
1573257600000,0.04705796364009975,0chain
1573344000000,0.04274851881290254,0chain
1573430400000,0.04265300881901451,0chain
1573516800000,0.04137516978197394,0chain
1573603200000,0.043075292102135815,0chain
1573689600000,0.04331940090046532,0chain
1573776000000,0.03721172555478248,0chain
1573862400000,0.03894897483404047,0chain
1573948800000,0.03698353795074762,0chain
1574035200000,0.03901411750207101,0chain
1574121600000,0.03678736827625431,0chain
1574208000000,0.03755058099984365,0chain
1574294400000,0.03686585875757381,0chain
1574380800000,0.034865583573442535,0chain
1574467200000,0.030788446599001932,0chain
1574553600000,0.034201360733305555,0chain
1574640000000,0.030198136404482455,0chain
1574726400000,0.03125829355148947,0chain
1574812800000,0.03164730734186596,0chain
1574899200000,0.041524361673476916,0chain
1574985600000,0.036845308561363393,0chain
1575072000000,0.03815304090023157,0chain
1575158400000,0.03416158815662557,0chain
1575244800000,0.03344897932998875,0chain
1575331200000,0.03245480510194838,0chain
1575417600000,0.03170707827222895,0chain
1575504000000,0.037533093722671156,0chain
1575590400000,0.03698940494513595,0chain
1575676800000,0.03548354702148881,0chain
1575763200000,0.0344175787623262,0chain
1575849600000,0.03655408596694714,0chain
1575936000000,0.03502261314527104,0chain
1576022400000,0.0326635867358738,0chain
1576108800000,0.03258019042329213,0chain
1576195200000,0.036169803985110896,0chain
1576281600000,0.03519756791569312,0chain
1576368000000,0.03751749793093754,0chain
1576454400000,0.02976393794342885,0chain
1576540800000,0.0331062272379484,0chain
1576627200000,0.02940749989551053,0chain
1576713600000,0.028450747253388427,0chain
1576800000000,0.025863493167912047,0chain
1576886400000,0.028919856375234268,0chain
1576972800000,0.026211486158957097,0chain
1577059200000,0.03526465403234232,0chain
1577145600000,0.033976834746880825,0chain
1577232000000,0.03258070399589914,0chain
1577318400000,0.12410821881708894,0chain
1577404800000,0.028388508190150978,0chain
1577491200000,0.028634985786259753,0chain
1577577600000,0.028774540545473733,0chain
1577664000000,0.030797821932773355,0chain
1577750400000,0.02213302444237588,0chain
1577836800000,0.030996730732524565,0chain
1577923200000,0.030509320956149638,0chain
1578009600000,0.026842797590066553,0chain
1578096000000,0.02807066828822355,0chain
1578182400000,0.028811415789649027,0chain
1578268800000,0.03166210903619555,0chain
1578355200000,0.029829310002530352,0chain
1578441600000,0.0325144383582802,0chain
1578528000000,0.02945418571608606,0chain
1578614400000,0.03157301695646474,0chain
1578700800000,0.027174961690738436,0chain
1578787200000,0.024470521666123155,0chain
1578873600000,0.024120087484052387,0chain
1578960000000,0.026966641540485014,0chain
1579046400000,0.026211397014299424,0chain
1579132800000,0.024873083745647787,0chain
1579219200000,0.022164255990773356,0chain
1579305600000,0.025781414060385113,0chain
1579392000000,0.036285369644162506,0chain
1579478400000,0.03150171450819739,0chain
1579564800000,0.031659573984071904,0chain
1579604028000,0.028326046651175833,0chain
1553731200000,0.3027017135664791,0x
1553817600000,0.3016955783956708,0x
1553904000000,0.3061467911575235,0x
1553990400000,0.3106431707563876,0x
1554076800000,0.32489081058523106,0x
1554163200000,0.3337358408525564,0x
1554249600000,0.37542379046533036,0x
1554336000000,0.3552928247123815,0x
1554422400000,0.3421743468792069,0x
1554508800000,0.35832834870339286,0x
1554595200000,0.3519566078335378,0x
1554681600000,0.35747667155256235,0x
1554768000000,0.34875797662135977,0x
1554854400000,0.35845526103112096,0x
1554940800000,0.35432632847210443,0x
1555027200000,0.3202039799521784,0x
1555113600000,0.32309054090702016,0x
1555200000000,0.31762957516780216,0x
1555286400000,0.3238799635294769,0x
1555372800000,0.31006183300026874,0x
1555459200000,0.3246549857141882,0x
1555545600000,0.332670063819075,0x
1555632000000,0.3329892475515569,0x
1555718400000,0.3280269055171468,0x
1555804800000,0.3232117240835121,0x
1555891200000,0.31518308445029475,0x
1555977600000,0.31618189882385733,0x
1556064000000,0.30686586032856095,0x
1556150400000,0.2930413987053817,0x
1556236800000,0.2738523613814914,0x
1556323200000,0.27407432134219833,0x
1556409600000,0.2934520970051417,0x
1556496000000,0.280052750313518,0x
1556582400000,0.27511901192464866,0x
1556668800000,0.28124690173207495,0x
1556755200000,0.27793197614531423,0x
1556841600000,0.2836338959931177,0x
1556928000000,0.28797896045362453,0x
1557014400000,0.2753244396464419,0x
1557100800000,0.27078131134788913,0x
1557187200000,0.28227878005562906,0x
1557273600000,0.2670129348109298,0x
1557360000000,0.27213778219908896,0x
1557446400000,0.2556365667764375,0x
1557532800000,0.2666779583566746,0x
1557619200000,0.30210169874297915,0x
1557705600000,0.2765301720701139,0x
1557792000000,0.2838520080280087,0x
1557878400000,0.30162765098786953,0x
1557964800000,0.36309876206625136,0x
1558051200000,0.33918719431311467,0x
1558137600000,0.3271244034673911,0x
1558224000000,0.3246842449042649,0x
1558310400000,0.33718701886754215,0x
1558396800000,0.3195401890645407,0x
1558483200000,0.3346128925160271,0x
1558569600000,0.3058240504861244,0x
1558656000000,0.31307275906101345,0x
1558742400000,0.31425194420135144,0x
1558828800000,0.3217099895369949,0x
1558915200000,0.3291667613263393,0x
1559001600000,0.33631003233244144,0x
1559088000000,0.3371038821965254,0x
1559174400000,0.3454958608350871,0x
1559260800000,0.3258684422212814,0x
1559347200000,0.3473327812271471,0x
1559433600000,0.3418478186266615,0x
1559520000000,0.34316897943751284,0x
1559606400000,0.32257170872861357,0x
1559692800000,0.30788002328443237,0x
1559779200000,0.32184146727174195,0x
1559865600000,0.3255313445473564,0x
1559952000000,0.33360889368455754,0x
1560038400000,0.34391340116767993,0x
1560124800000,0.31765738535463667,0x
1560211200000,0.33260566679917,0x
1560297600000,0.3250236216298722,0x
1560384000000,0.33233777581731316,0x
1560470400000,0.3255740929061959,0x
1560556800000,0.3488336012625941,0x
1560643200000,0.36907061041244027,0x
1560729600000,0.357452956874174,0x
1560816000000,0.3521145439263254,0x
1560902400000,0.34722214644309024,0x
1560988800000,0.34160657337601325,0x
1561075200000,0.33118881552514,0x
1561161600000,0.3339799346457968,0x
1561248000000,0.34845771371247364,0x
1561334400000,0.34430221218877277,0x
1561420800000,0.3396452239743445,0x
1561507200000,0.3387303759356755,0x
1561593600000,0.32472124528598406,0x
1561680000000,0.3181678058482811,0x
1561766400000,0.3186138540069832,0x
1561852800000,0.3185645518234638,0x
1561939200000,0.2974892367051368,0x
1562025600000,0.30912034846248887,0x
1562112000000,0.29529917906754566,0x
1562198400000,0.3048018531177442,0x
1562284800000,0.2906022292671107,0x
1562371200000,0.28732664857427215,0x
1562457600000,0.29456208583638444,0x
1562544000000,0.2998080753795863,0x
1562630400000,0.2908986577563917,0x
1562716800000,0.29362251551680624,0x
1562803200000,0.2712049851440514,0x
1562889600000,0.25800668193797194,0x
1562976000000,0.2671890405780812,0x
1563062400000,0.2572865383592615,0x
1563148800000,0.2231365434585445,0x
1563235200000,0.24697293112398458,0x
1563321600000,0.21851232549519045,0x
1563408000000,0.22651314082174379,0x
1563494400000,0.23892158208556122,0x
1563580800000,0.2354628355442916,0x
1563667200000,0.24737445482620035,0x
1563753600000,0.244156486610194,0x
1563840000000,0.235423529826941,0x
1563926400000,0.2244810883099332,0x
1564012800000,0.22699845520289383,0x
1564099200000,0.23331464894640758,0x
1564185600000,0.23379968633389436,0x
1564272000000,0.22260527390129048,0x
1564358400000,0.22777004972888462,0x
1564444800000,0.2226244762369726,0x
1564531200000,0.2235659300696543,0x
1564617600000,0.22451555809396723,0x
1564704000000,0.21931512365670175,0x
1564790400000,0.21619363031899055,0x
1564876800000,0.2147569486074152,0x
1564963200000,0.2120801933956403,0x
1565049600000,0.21266212374872592,0x
1565136000000,0.19905656360353385,0x
1565222400000,0.19744329410436404,0x
1565308800000,0.1902118244838738,0x
1565395200000,0.18874783793654853,0x
1565481600000,0.19154681789035352,0x
1565568000000,0.19390445067063455,0x
1565654400000,0.1886452034282898,0x
1565740800000,0.1817523240831249,0x
1565827200000,0.162973043793338,0x
1565913600000,0.1739528088194773,0x
1566000000000,0.1742311778185952,0x
1566086400000,0.17208036683276284,0x
1566172800000,0.1747771411927669,0x
1566259200000,0.17513777049874035,0x
1566345600000,0.16901130751198515,0x
1566432000000,0.17178215790368692,0x
1566518400000,0.1768360401100923,0x
1566604800000,0.18527080467176055,0x
1566691200000,0.18460591532108384,0x
1566777600000,0.17905469688952952,0x
1566864000000,0.17781932509420728,0x
1566950400000,0.1722472669551717,0x
1567036800000,0.15844732525430608,0x
1567123200000,0.1534983327381213,0x
1567209600000,0.16407621236438977,0x
1567296000000,0.1620838992267431,0x
1567382400000,0.16071335534190467,0x
1567468800000,0.17096635482949268,0x
1567555200000,0.17052923575558454,0x
1567641600000,0.16324236790321192,0x
1567728000000,0.15961035385705513,0x
1567814400000,0.1568651595472369,0x
1567900800000,0.16479698387377373,0x
1567987200000,0.16108591890593135,0x
1568073600000,0.1634904752496867,0x
1568160000000,0.16300382248371129,0x
1568246400000,0.15691440767780102,0x
1568332800000,0.16061107287163193,0x
1568419200000,0.16164532972212975,0x
1568505600000,0.16579083041779738,0x
1568592000000,0.16458183141639318,0x
1568678400000,0.16381916494346035,0x
1568764800000,0.17486158836790416,0x
1568851200000,0.19112286537737458,0x
1568937600000,0.22629107696617964,0x
1569024000000,0.2336427505161881,0x
1569110400000,0.24552635483042445,0x
1569196800000,0.237830673554557,0x
1569283200000,0.2094352727411942,0x
1569369600000,0.19267458439052434,0x
1569456000000,0.21117804205723778,0x
1569542400000,0.21794407055321546,0x
1569628800000,0.2143307849042425,0x
1569715200000,0.2096804881609246,0x
1569801600000,0.20245228109132904,0x
1569888000000,0.20372857457909663,0x
1569974400000,0.2082094107223866,0x
1570060800000,0.20836028333115392,0x
1570147200000,0.22193544057123277,0x
1570233600000,0.21938906622223792,0x
1570320000000,0.2210788393731542,0x
1570406400000,0.2112670346543631,0x
1570492800000,0.21963179339662953,0x
1570579200000,0.2584338243852801,0x
1570665600000,0.25563714265383336,0x
1570752000000,0.27101471384221265,0x
1570838400000,0.25709619166275777,0x
1570924800000,0.25791292450285763,0x
1571011200000,0.2921815341962691,0x
1571097600000,0.33139541793681965,0x
1571184000000,0.3171780436847691,0x
1571270400000,0.30893845853838087,0x
1571356800000,0.3141534050307265,0x
1571443200000,0.3004968325884793,0x
1571529600000,0.317004562131644,0x
1571616000000,0.3311715343688284,0x
1571702400000,0.32370665041651536,0x
1571788800000,0.3119580852568976,0x
1571875200000,0.2948828030713044,0x
1571961600000,0.2982077994146329,0x
1572048000000,0.30513592906048165,0x
1572134400000,0.292632646937029,0x
1572220800000,0.2844573940712042,0x
1572307200000,0.28609209189435697,0x
1572393600000,0.28034541855232786,0x
1572480000000,0.2712755336962504,0x
1572566400000,0.27237874218794283,0x
1572652800000,0.2985349785890373,0x
1572739200000,0.2936613366454675,0x
1572825600000,0.29459630158042444,0x
1572912000000,0.29484984101576583,0x
1572998400000,0.2904308589186122,0x
1573084800000,0.30693116963663514,0x
1573171200000,0.30386829661214343,0x
1573257600000,0.29281851085549854,0x
1573344000000,0.30342576217853706,0x
1573430400000,0.3072145170827123,0x
1573516800000,0.301721340456021,0x
1573603200000,0.30156333942055746,0x
1573689600000,0.2994803371201555,0x
1573776000000,0.2903553887831707,0x
1573862400000,0.2772459710968618,0x
1573948800000,0.28176633108144866,0x
1574035200000,0.27682378321318063,0x
1574121600000,0.262197926432669,0x
1574208000000,0.2598490003942225,0x
1574294400000,0.26185251571592194,0x
1574380800000,0.2613096419658678,0x
1574467200000,0.24288550450686816,0x
1574553600000,0.24724402426003908,0x
1574640000000,0.23584719004752924,0x
1574726400000,0.2374823704272445,0x
1574812800000,0.2449175096909924,0x
1574899200000,0.26019180823703053,0x
1574985600000,0.2661623394937389,0x
1575072000000,0.27237880639083456,0x
1575158400000,0.2574823663115147,0x
1575244800000,0.2595640509264226,0x
1575331200000,0.247856645596544,0x
1575417600000,0.24331532312553056,0x
1575504000000,0.23053583907217123,0x
1575590400000,0.23092026159555382,0x
1575676800000,0.24316426076924824,0x
1575763200000,0.23580625911413375,0x
1575849600000,0.235531315522954,0x
1575936000000,0.2311159619142967,0x
1576022400000,0.22616622025514538,0x
1576108800000,0.22117150545791403,0x
1576195200000,0.21769841322892003,0x
1576281600000,0.219622109594945,0x
1576368000000,0.21048983636119087,0x
1576454400000,0.20715645160516497,0x
1576540800000,0.19275115207858373,0x
1576627200000,0.1786041488455217,0x
1576713600000,0.20021785127332548,0x
1576800000000,0.1874311994225318,0x
1576886400000,0.19283200509779191,0x
1576972800000,0.19067865401359546,0x
1577059200000,0.1922925187569837,0x
1577145600000,0.18500525186815905,0x
1577232000000,0.1839000240392409,0x
1577318400000,0.18076415947802324,0x
1577404800000,0.18132864380628488,0x
1577491200000,0.18463391738867083,0x
1577577600000,0.1840236653640062,0x
1577664000000,0.19520177095490754,0x
1577750400000,0.18886853818976893,0x
1577836800000,0.18070247025729055,0x
1577923200000,0.18224393559009372,0x
1578009600000,0.17481211145335543,0x
1578096000000,0.1837070820762647,0x
1578182400000,0.18544928542158037,0x
1578268800000,0.18556975197352704,0x
1578355200000,0.19431938634143497,0x
1578441600000,0.18731003837199112,0x
1578528000000,0.21087901846324372,0x
1578614400000,0.20628117544519683,0x
1578700800000,0.20224194499092715,0x
1578787200000,0.20621029449896228,0x
1578873600000,0.2161514388715976,0x
1578960000000,0.20955286086234073,0x
1579046400000,0.2353851727002673,0x
1579132800000,0.24323399435297702,0x
1579219200000,0.24640969422878867,0x
1579305600000,0.2531854375226935,0x
1579392000000,0.24320201231761926,0x
1579478400000,0.2302524727561677,0x
1579564800000,0.22916800106874943,0x
1579604114000,0.2353315152872226,0x
1553731200000,0.0019168396279272105,0xcert
1553817600000,0.002401332637348016,0xcert
1553904000000,0.002523188398237876,0xcert
1553990400000,0.0027622795336602773,0xcert
1554076800000,0.0026415710597859745,0xcert
1554163200000,0.0025920792264370026,0xcert
1554249600000,0.0030132669582050068,0xcert
1554336000000,0.0029058262373114537,0xcert
1554422400000,0.002605504901758332,0xcert
1554508800000,0.0026638423854848502,0xcert
1554595200000,0.0025547435775770096,0xcert
1554681600000,0.0028483329382476387,0xcert
1554768000000,0.002542008484867274,0xcert
1554854400000,0.003011318956065552,0xcert
1554940800000,0.0029156916826826155,0xcert
1555027200000,0.002412148399175982,0xcert
1555113600000,0.002424461972050912,0xcert
1555200000000,0.002464184448382293,0xcert
1555286400000,0.002452215234382377,0xcert
1555372800000,0.0021329591660900044,0xcert
1555459200000,0.002352846475310744,0xcert
1555545600000,0.002230994401810028,0xcert
1555632000000,0.002184954868622228,0xcert
1555718400000,0.002188848678112122,0xcert
1555804800000,0.002332906290968279,0xcert
1555891200000,0.0022062958912025285,0xcert
1555977600000,0.0021880986138115874,0xcert
1556064000000,0.0022270022797148668,0xcert
1556150400000,0.002161334181096357,0xcert
1556236800000,0.0020468488634000468,0xcert
1556323200000,0.00212496740647272,0xcert
1556409600000,0.0025046390338928147,0xcert
1556496000000,0.001983409106532174,0xcert
1556582400000,0.002061701903254103,0xcert
1556668800000,0.0019693264679696175,0xcert
1556755200000,0.0022387760048121793,0xcert
1556841600000,0.0022587440352151863,0xcert
1556928000000,0.002150452259683251,0xcert
1557014400000,0.0020505913329114797,0xcert
1557100800000,0.002195634606892242,0xcert
1557187200000,0.0021979786663178296,0xcert
1557273600000,0.0021986875386912504,0xcert
1557360000000,0.0021152100480928793,0xcert
1557446400000,0.0020774483819679676,0xcert
1557532800000,0.0021790750689061503,0xcert
1557619200000,0.002242787701714184,0xcert
1557705600000,0.002119378961014887,0xcert
1557792000000,0.0022379018094172893,0xcert
1557878400000,0.0025793788126801565,0xcert
1557964800000,0.0025617468878590304,0xcert
1558051200000,0.002169407206658895,0xcert
1558137600000,0.0019991194308386258,0xcert
1558224000000,0.0019791342769012754,0xcert
1558310400000,0.0023842078370268378,0xcert
1558396800000,0.00232965425875117,0xcert
1558483200000,0.0023295289879573383,0xcert
1558569600000,0.0025390910551793475,0xcert
1558656000000,0.002112969411494599,0xcert
1558742400000,0.001847184200931107,0xcert
1558828800000,0.0017906710078641232,0xcert
1558915200000,0.0014695163123629629,0xcert
1559001600000,0.0014089174483176575,0xcert
1559088000000,0.0013702311810676936,0xcert
1559174400000,0.0011625658681709231,0xcert
1559260800000,0.0010847855986798668,0xcert
1559347200000,0.0011084302245034732,0xcert
1559433600000,0.0012047860405293947,0xcert
1559520000000,0.0011650644981668332,0xcert
1559606400000,0.0010985588582568934,0xcert
1559692800000,0.0010365720963048325,0xcert
1559779200000,0.0010251073386038532,0xcert
1559865600000,0.0010300157019298586,0xcert
1559952000000,0.0010629234213702292,0xcert
1560038400000,0.0010445997103141185,0xcert
1560124800000,0.0010046098166031283,0xcert
1560211200000,0.0013568872483409025,0xcert
1560297600000,0.0015791028476980502,0xcert
1560384000000,0.002134081201658231,0xcert
1560470400000,0.0027380271051107123,0xcert
1560556800000,0.0030179259805634216,0xcert
1560643200000,0.0032114959794071556,0xcert
1560729600000,0.0027524082263528705,0xcert
1560816000000,0.002648890020739475,0xcert
1560902400000,0.0017933603435392469,0xcert
1560988800000,0.002045791701854506,0xcert
1561075200000,0.0022958567519834943,0xcert
1561161600000,0.0022307432059994743,0xcert
1561248000000,0.002279697171372504,0xcert
1561334400000,0.002462719061445112,0xcert
1561420800000,0.0022359226079901244,0xcert
1561507200000,0.002066124195933737,0xcert
1561593600000,0.0014175102216171,0xcert
1561680000000,0.0018260581597973047,0xcert
1561766400000,0.0019280952332820665,0xcert
1561852800000,0.0017835195988587802,0xcert
1561939200000,0.0016841394077837738,0xcert
1562025600000,0.0016640958192118865,0xcert
1562112000000,0.002197977507548011,0xcert
1562198400000,0.0023364800795841042,0xcert
1562284800000,0.002020738341744871,0xcert
1562371200000,0.002337846010860449,0xcert
1562457600000,0.0006246945869059022,0xcert
1562544000000,0.0018503734083478189,0xcert
1562630400000,0.0018026113156273417,0xcert
1562716800000,0.0017864384908923326,0xcert
1562803200000,0.001616801828480971,0xcert
1562889600000,0.0014887587394447359,0xcert
1562976000000,0.0015367032812918769,0xcert
1563062400000,0.0015121966947292756,0xcert
1563148800000,0.001360391536215122,0xcert
1563235200000,0.0014368059935355789,0xcert
1563321600000,0.0011445673203510603,0xcert
1563408000000,0.0012119849211902818,0xcert
1563494400000,0.0010976915352806666,0xcert
1563580800000,0.0011167537314200014,0xcert
1563667200000,0.0011480528554020048,0xcert
1563753600000,0.0011318020577375898,0xcert
1563840000000,0.0008661188187573924,0xcert
1563926400000,0.0011054464779325437,0xcert
1564012800000,0.0010419783103737458,0xcert
1564099200000,0.0009886750104156458,0xcert
1564185600000,0.0009449392538054895,0xcert
1564272000000,0.0009472892041606214,0xcert
1564358400000,0.0009405023869377627,0xcert
1564444800000,0.0009493142630654115,0xcert
1564531200000,0.0009341736935160012,0xcert
1564617600000,0.001089294614267604,0xcert
1564704000000,0.0015627075063726896,0xcert
1564790400000,0.0015062104938964231,0xcert
1564876800000,0.0014588275751692575,0xcert
1564963200000,0.0015137567536252896,0xcert
1565049600000,0.0012046407846481393,0xcert
1565136000000,0.0012618383560045092,0xcert
1565222400000,0.0012428634712860842,0xcert
1565308800000,0.0009794145108587154,0xcert
1565395200000,0.0008525597494412215,0xcert
1565481600000,0.0008184853372695387,0xcert
1565568000000,0.0009082963990107249,0xcert
1565654400000,0.000899245771918504,0xcert
1565740800000,0.0008630265398205022,0xcert
1565827200000,0.0007730146368339725,0xcert
1565913600000,0.0009140279072363044,0xcert
1566000000000,0.0008515361586616082,0xcert
1566086400000,0.0011106942955397907,0xcert
1566172800000,0.0011240044049136617,0xcert
1566259200000,0.0011573722559153783,0xcert
1566345600000,0.0011382161359967567,0xcert
1566432000000,0.0010798834425070829,0xcert
1566518400000,0.001081632723442786,0xcert
1566604800000,0.0010859996612563392,0xcert
1566691200000,0.0010590415132665876,0xcert
1566777600000,0.0010459995068975727,0xcert
1566864000000,0.001085455680557117,0xcert
1566950400000,0.001085034622526026,0xcert
1567036800000,0.001005810121516795,0xcert
1567123200000,0.0009823537645584207,0xcert
1567209600000,0.0009925287741446348,0xcert
1567296000000,0.0010562426101024401,0xcert
1567382400000,0.0010169552662068206,0xcert
1567468800000,0.0010466405264431045,0xcert
1567555200000,0.001017171819472724,0xcert
1567641600000,0.0009988662635964484,0xcert
1567728000000,0.0009866124861903753,0xcert
1567814400000,0.000978642711080465,0xcert
1567900800000,0.0010888164292092305,0xcert
1567987200000,0.0010333378802274062,0xcert
1568073600000,0.0009964618009914701,0xcert
1568160000000,0.0010025160394183162,0xcert
1568246400000,0.0010180534243338683,0xcert
1568332800000,0.0006878811046944512,0xcert
1568419200000,0.0010024876582911144,0xcert
1568505600000,0.000867273825590888,0xcert
1568592000000,0.0008810955606206584,0xcert
1568678400000,0.0008820295431347365,0xcert
1568764800000,0.0008450674607660116,0xcert
1568851200000,0.0008824201772496435,0xcert
1568937600000,0.0009500823096029532,0xcert
1569024000000,0.0009387242514706689,0xcert
1569110400000,0.0008573599110896902,0xcert
1569196800000,0.0008741984648233836,0xcert
1569283200000,0.0008919633320035429,0xcert
1569369600000,0.0007509818339145278,0xcert
1569456000000,0.0007577762977335952,0xcert
1569542400000,0.0007445952388706128,0xcert
1569628800000,0.0007402899872801192,0xcert
1569715200000,0.00072745190709222,0xcert
1569801600000,0.000712768804003019,0xcert
1569888000000,0.0007220360687783564,0xcert
1569974400000,0.0007634813950751852,0xcert
1570060800000,0.0007634813950751852,0xcert
1570147200000,0.0007208875814919679,0xcert
1570233600000,0.0007383719632740074,0xcert
1570320000000,0.0006993862429669173,0xcert
1570406400000,0.0007242710358301987,0xcert
1570492800000,0.000750256916805867,0xcert
1570579200000,0.0007948574008958566,0xcert
1570665600000,0.0008280120739750249,0xcert
1570752000000,0.0007926373452840416,0xcert
1570838400000,0.0007547166747493378,0xcert
1570924800000,0.000759962847063596,0xcert
1571011200000,0.0007619096254122446,0xcert
1571097600000,0.0007597726251742301,0xcert
1571184000000,0.0007389371359281374,0xcert
1571270400000,0.0007196136319524615,0xcert
1571356800000,0.0007150451740396863,0xcert
1571443200000,0.0007298358395992495,0xcert
1571529600000,0.0006647712669376944,0xcert
1571616000000,0.0007373353199053062,0xcert
1571702400000,0.0007714500270419446,0xcert
1571788800000,0.000785983927443432,0xcert
1571875200000,0.0007427260175391037,0xcert
1571961600000,0.0006899883275783205,0xcert
1572048000000,0.0009527281905507953,0xcert
1572134400000,0.0009795884355622685,0xcert
1572220800000,0.0009566684006523666,0xcert
1572307200000,0.0008989149075923667,0xcert
1572393600000,0.0009658090902178793,0xcert
1572480000000,0.0008467963258381525,0xcert
1572566400000,0.0009371960965589249,0xcert
1572652800000,0.000917066231097309,0xcert
1572739200000,0.0010667465962095417,0xcert
1572825600000,0.0010310837531634204,0xcert
1572912000000,0.001096942684262112,0xcert
1572998400000,0.001128847056628759,0xcert
1573084800000,0.0010469198765276978,0xcert
1573171200000,0.0010038021165954497,0xcert
1573257600000,0.0009964665302119025,0xcert
1573344000000,0.001013669392820923,0xcert
1573430400000,0.0010193619111928318,0xcert
1573516800000,0.000970139154327279,0xcert
1573603200000,0.0009992397124161416,0xcert
1573689600000,0.0009624054852152185,0xcert
1573776000000,0.0007044600144450425,0xcert
1573862400000,0.0005627063174105059,0xcert
1573948800000,0.0007347688667525094,0xcert
1574035200000,0.0006051380669604879,0xcert
1574121600000,0.0008788288845252397,0xcert
1574208000000,0.0008765148480002831,0xcert
1574294400000,0.0008664703449548827,0xcert
1574380800000,0.0008325975463830367,0xcert
1574467200000,0.0007530699341365622,0xcert
1574553600000,0.0006577772857221752,0xcert
1574640000000,0.0006071261162168539,0xcert
1574726400000,0.0006348024818812456,0xcert
1574812800000,0.0005789421877009866,0xcert
1574899200000,0.0007634297315221097,0xcert
1574985600000,0.0010485298097627075,0xcert
1575072000000,0.0009335403692285658,0xcert
1575158400000,0.001020786963935513,0xcert
1575244800000,0.0007619841293178653,0xcert
1575331200000,0.00091505403484371,0xcert
1575417600000,0.001064878141032372,0xcert
1575504000000,0.0007464978833006821,0xcert
1575590400000,0.0007981445967342075,0xcert
1575676800000,0.0010512137282395802,0xcert
1575763200000,0.0009488401972952509,0xcert
1575849600000,0.000960119346429142,0xcert
1575936000000,0.0009463654500165071,0xcert
1576022400000,0.0009335376831420463,0xcert
1576108800000,0.001023326799788153,0xcert
1576195200000,0.0011299914724415099,0xcert
1576281600000,0.0011376136900517187,0xcert
1576368000000,0.0011298845091934845,0xcert
1576454400000,0.0009330183790597302,0xcert
1576540800000,0.0007871482678254326,0xcert
1576627200000,0.0008759794708810674,0xcert
1576713600000,0.0009697628770736125,0xcert
1576800000000,0.0009326019443459841,0xcert
1576886400000,0.0009351801312111742,0xcert
1576972800000,0.001058194541262057,0xcert
1577059200000,0.0011025710820021734,0xcert
1577145600000,0.0008898306232484568,0xcert
1577232000000,0.0008719867691116314,0xcert
1577318400000,0.0008382887241711387,0xcert
1577404800000,0.000837910055734099,0xcert
1577491200000,0.0008432578809804188,0xcert
1577577600000,0.0008506356248283376,0xcert
1577664000000,0.0008834438046754808,0xcert
1577750400000,0.0007905184093092605,0xcert
1577836800000,0.0008549410268049937,0xcert
1577923200000,0.0008464060237824937,0xcert
1578009600000,0.000821744199162902,0xcert
1578096000000,0.001063916195977129,0xcert
1578182400000,0.0009641495045823632,0xcert
1578268800000,0.0009589760463204807,0xcert
1578355200000,0.0009760911360166285,0xcert
1578441600000,0.0009886703836796912,0xcert
1578528000000,0.0010007302622020505,0xcert
1578614400000,0.0009641752005887498,0xcert
1578700800000,0.0010722419362011143,0xcert
1578787200000,0.001191570083044226,0xcert
1578873600000,0.0011379833499275608,0xcert
1578960000000,0.0011411007349696116,0xcert
1579046400000,0.001302576737482212,0xcert
1579132800000,0.0012219423387949296,0xcert
1579219200000,0.0012166102516950605,0xcert
1579305600000,0.0012325839103973807,0xcert
1579392000000,0.0012445338477152913,0xcert
1579478400000,0.0011571794618453408,0xcert
1579564800000,0.001080436228203732,0xcert
1579604027000,0.0010919037707349736,0xcert
1567123200000,0.03287217905672583,0xdark
1567209600000,0.021838653006879514,0xdark
1567296000000,0.022389573600771515,0xdark
1567382400000,0.006404945008455807,0xdark
1567468800000,0.024039716075767072,0xdark
1567555200000,0.030783837443878165,0xdark
1567641600000,0.031815526392302874,0xdark
1567728000000,0.15886041732090314,0xdark
1567814400000,1.3157753507467995,0xdark
1567900800000,0.535554314886168,0xdark
1567987200000,0.42033365793844313,0xdark
1568073600000,0.29891778467144414,0xdark
1568160000000,0.4198494258130425,0xdark
1568246400000,0.5070262813636073,0xdark
1568332800000,0.5215518605716587,0xdark
1568419200000,1.6088589055678457,0xdark
1568505600000,8.33991024343304,0xdark
1568592000000,8.522855044582688,0xdark
1568678400000,2.1278219521490644,0xdark
1568764800000,0.1021302223893229,0xdark
1568851200000,0.02103117911148792,0xdark
1568937600000,0.2158622917241385,0xdark
1569024000000,0.06529832073449555,0xdark
1569110400000,0.03965524075830653,0xdark
1569196800000,0.03967089613501346,0xdark
1569283200000,0.02238085443596579,0xdark
1569369600000,0.021139758971921933,0xdark
1569456000000,0.022871101402758987,0xdark
1569542400000,0.04619907404199976,0xdark
1569628800000,0.03807575176761206,0xdark
1569715200000,0.05210077605266567,0xdark
1569801600000,0.05098430154220747,0xdark
1569888000000,0.03530605984356231,0xdark
1569974400000,0.03560960214422866,0xdark
1570060800000,0.03560960214422866,0xdark
1570147200000,0.017624769451773954,0xdark
1570233600000,0.017624769451773954,0xdark
1570320000000,0.01766070481160002,0xdark
1570406400000,0.02893053707600419,0xdark
1570492800000,0.01131696526264448,0xdark
1570579200000,0.031261814140889944,0xdark
1570665600000,0.17455751591069996,0xdark
1570752000000,0.17320055133016413,0xdark
1570838400000,0.4189870684237359,0xdark
1570924800000,0.18324096955862135,0xdark
1571011200000,0.7238290787010735,0xdark
1571097600000,0.06034140146089245,0xdark
1571184000000,0.8661539770084025,0xdark
1571270400000,0.6431755003788331,0xdark
1571356800000,0.011647791317133381,0xdark
1571443200000,0.02611596841953096,0xdark
1571529600000,0.020044635707433443,0xdark
1571616000000,0.02529968052673868,0xdark
1571702400000,0.0043301971921240415,0xdark
1571788800000,0.005178591263766091,0xdark
1571875200000,0.004308056482160893,0xdark
1571961600000,0.00643196578406421,0xdark
1572048000000,0.0048936324705347286,0xdark
1572134400000,0.012507540151196178,0xdark
1572220800000,0.012717717835059017,0xdark
1572307200000,0.001819636745034179,0xdark
1572393600000,0.0018666745524781342,0xdark
1572480000000,0.005497507299079273,0xdark
1572566400000,0.004607495481067426,0xdark
1572652800000,0.005495458936834349,0xdark
1572739200000,0.009093891320615836,0xdark
1572825600000,0.007366401453902898,0xdark
1572912000000,0.008109813952634758,0xdark
1572998400000,0.01808403036796654,0xdark
1573084800000,0.019122579107685566,0xdark
1573171200000,0.020424780774633833,0xdark
1573257600000,0.009178375916194437,0xdark
1573344000000,0.007489721516011042,0xdark
1573430400000,0.007595193810000493,0xdark
1573516800000,0.007595193810000493,0xdark
1573603200000,0.03377107769413933,0xdark
1573689600000,0.018853860780930952,0xdark
1573776000000,0.01583187198606966,0xdark
1573862400000,0.007190749529263174,0xdark
1573948800000,0.007306203502954395,0xdark
1574035200000,0.006898556319247493,0xdark
1574121600000,0.006898556319247493,0xdark
1574208000000,0.005797186235305828,0xdark
1574294400000,0.016161998425446977,0xdark
1574380800000,0.006648603537546489,0xdark
1574467200000,0.014986469015981222,0xdark
1574553600000,0.006077823767076384,0xdark
1574640000000,0.010113178167348608,0xdark
1574726400000,0.01033485579946467,0xdark
1574812800000,0.013683838179468298,0xdark
1574899200000,0.007462800136580789,0xdark
1574985600000,0.012429639661550317,0xdark
1575072000000,0.012679844963656465,0xdark
1575158400000,0.00680815554142487,0xdark
1575244800000,0.00680815554142487,0xdark
1575331200000,0.011856353121295814,0xdark
1575417600000,0.004417257242369812,0xdark
1575504000000,0.004417257242369812,0xdark
1576022400000,0.004417257242369812,0xdark
1576627200000,0.0016148822091276145,0xdark
1576713600000,0.004015559542321855,0xdark
1576800000000,0.0038664867160400087,0xdark
1576972800000,0.0036744064727471755,0xdark
1577059200000,0.003321074859733053,0xdark
1577145600000,0.0019227129057236977,0xdark
1577232000000,0.0008483180994461417,0xdark
1577318400000,0.0012564353673239158,0xdark
1577404800000,0.0008922418311329477,0xdark
1577491200000,0.0008561434426441605,0xdark
1577577600000,0.0010207790473428667,0xdark
1577664000000,0.0009421889882255767,0xdark
1577750400000,0.0009175071528859086,0xdark
1577836800000,0.0009052585702869218,0xdark
1577923200000,0.0009052585702869218,0xdark
1578009600000,0.0010127526560414117,0xdark
1578096000000,0.0010622975277871205,0xdark
1578182400000,0.00082118890721838,0xdark
1578268800000,0.0010812993751938133,0xdark
1578355200000,0.0012697156417376143,0xdark
1578441600000,0.0012998370812874237,0xdark
1578528000000,0.0008274035156483043,0xdark
1578614400000,0.0008020603038329497,0xdark
1578700800000,0.0017046984297130045,0xdark
1578787200000,0.0017377868061134402,0xdark
1578873600000,0.0011311986013781803,0xdark
1578960000000,0.0011311986013781803,0xdark
1579046400000,0.0008914348365009315,0xdark
1579132800000,0.0009821906798034659,0xdark
1579219200000,0.0009673473259897143,0xdark
1579305600000,0.0013570271502996423,0xdark
1579392000000,0.001381531737394663,0xdark
1579564800000,0.0013297824918454737,0xdark
1579582456000,0.0021819350408443473,0xdark
1559001600000,0.0008870106032193045,10m-token
1559088000000,0.0008870106032193045,10m-token
1559174400000,0.0008870106032193045,10m-token
1559260800000,0.0008870106032193045,10m-token
1559347200000,0.0008870106032193045,10m-token
1559433600000,0.0008870106032193045,10m-token
1559520000000,0.0008870106032193045,10m-token
1559606400000,0.0008870106032193045,10m-token
1559692800000,0.0008870106032193045,10m-token
1559779200000,0.0008870106032193045,10m-token
1559865600000,0.0008870106032193045,10m-token
1559952000000,0.0008870106032193045,10m-token
1560038400000,0.0008870106032193045,10m-token
1560124800000,0.0008870106032193045,10m-token
1560211200000,0.0008870106032193045,10m-token
1560297600000,0.0008870106032193045,10m-token
1560384000000,0.0008870106032193045,10m-token
1560470400000,0.0008870106032193045,10m-token
1560556800000,0.0008870106032193045,10m-token
1560643200000,0.0008870106032193045,10m-token
1560729600000,0.0008870106032193045,10m-token
1560816000000,0.0008870106032193045,10m-token
1560902400000,0.0008870106032193045,10m-token
1560988800000,0.0008870106032193045,10m-token
1561075200000,0.0008870106032193045,10m-token
1561161600000,0.0008870106032193045,10m-token
1561248000000,0.0008870106032193045,10m-token
1561334400000,0.0008870106032193045,10m-token
1561420800000,0.0008870106032193045,10m-token
1561507200000,0.0008870106032193045,10m-token
1561593600000,0.0008870106032193045,10m-token
1561680000000,0.0008870106032193045,10m-token
1561766400000,0.0008870106032193045,10m-token
1561852800000,0.0008870106032193045,10m-token
1561939200000,0.0008870106032193045,10m-token
1562025600000,0.0008870106032193045,10m-token
1562112000000,0.0008870106032193045,10m-token
1562198400000,0.0008870106032193045,10m-token
1562284800000,0.0008870106032193045,10m-token
1562371200000,0.0008870106032193045,10m-token
1562457600000,0.0008870106032193045,10m-token
1562544000000,0.0008870106032193045,10m-token
1562630400000,0.0008870106032193045,10m-token
1562716800000,0.0008870106032193045,10m-token
1562803200000,0.0008870106032193045,10m-token
1562889600000,0.0008870106032193045,10m-token
1562976000000,0.0008870106032193045,10m-token
1563062400000,0.0008870106032193045,10m-token
1563148800000,0.0008870106032193045,10m-token
1563235200000,0.0008870106032193045,10m-token
1563321600000,0.0008870106032193045,10m-token
1563408000000,0.0008870106032193045,10m-token
1563494400000,0.0008870106032193045,10m-token
1563580800000,0.0008870106032193045,10m-token
1563667200000,0.0008870106032193045,10m-token
1563753600000,0.0008870106032193045,10m-token
1563840000000,0.0008870106032193045,10m-token
1563926400000,0.0008870106032193045,10m-token
1564012800000,0.0008870106032193045,10m-token
1564099200000,0.0008870106032193045,10m-token
1564185600000,0.0008870106032193045,10m-token
1564272000000,0.0008870106032193045,10m-token
1564358400000,0.0008870106032193045,10m-token
1564444800000,0.0008870106032193045,10m-token
1564531200000,0.0008870106032193045,10m-token
1564617600000,0.0008870106032193045,10m-token
1564704000000,0.0008870106032193045,10m-token
1564790400000,0.0008870106032193045,10m-token
1564876800000,0.0008870106032193045,10m-token
1564963200000,0.0008870106032193045,10m-token
1565049600000,0.0008870106032193045,10m-token
1565136000000,0.0008870106032193045,10m-token
1565222400000,0.0008870106032193045,10m-token
1565308800000,0.0008870106032193045,10m-token
1565395200000,0.0008870106032193045,10m-token
1565481600000,0.0008870106032193045,10m-token
1565568000000,0.0008870106032193045,10m-token
1565654400000,0.0008870106032193045,10m-token
1565740800000,0.0008870106032193045,10m-token
1565827200000,0.0008870106032193045,10m-token
1565913600000,0.0008870106032193045,10m-token
1566000000000,0.0008870106032193045,10m-token
1566086400000,0.0008870106032193045,10m-token
1566172800000,0.0008870106032193045,10m-token
1566259200000,0.0008870106032193045,10m-token
1566345600000,0.0008870106032193045,10m-token
1566432000000,0.0008870106032193045,10m-token
1566518400000,0.0008870106032193045,10m-token
1566604800000,0.0008870106032193045,10m-token
1566691200000,0.0008870106032193045,10m-token
1566777600000,0.0008870106032193045,10m-token
1566864000000,0.0008870106032193045,10m-token
1566950400000,0.0008870106032193045,10m-token
1567036800000,0.0008870106032193045,10m-token
1567123200000,0.0008870106032193045,10m-token
1567209600000,0.0008870106032193045,10m-token
1567296000000,0.0008870106032193045,10m-token
1567382400000,0.0008870106032193045,10m-token
1567468800000,0.0008870106032193045,10m-token
1567555200000,0.0008870106032193045,10m-token
1567641600000,0.0008870106032193045,10m-token
1567728000000,0.0008870106032193045,10m-token
1567814400000,0.0008870106032193045,10m-token
1567900800000,0.0008870106032193045,10m-token
1567987200000,0.0008870106032193045,10m-token
1568073600000,0.0008870106032193045,10m-token
1568160000000,0.0008870106032193045,10m-token
1568246400000,0.0008870106032193045,10m-token
1568332800000,0.0008870106032193045,10m-token
1568419200000,0.0008870106032193045,10m-token
1568505600000,0.0008870106032193045,10m-token
1568592000000,0.0008870106032193045,10m-token
1568678400000,0.0008870106032193045,10m-token
1568764800000,0.0008870106032193045,10m-token
1568851200000,0.0008870106032193045,10m-token
1568937600000,0.0008870106032193045,10m-token
1569024000000,0.0008870106032193045,10m-token
1569110400000,0.0008870106032193045,10m-token
1569196800000,0.0008870106032193045,10m-token
1569283200000,0.0008870106032193045,10m-token
1569369600000,0.0008870106032193045,10m-token
1569456000000,0.0008870106032193045,10m-token
1569542400000,0.0008870106032193045,10m-token
1569628800000,0.0008870106032193045,10m-token
1569715200000,0.0008870106032193045,10m-token
1569801600000,0.0008870106032193045,10m-token
1569888000000,0.0008870106032193045,10m-token
1569974400000,0.0008870106032193045,10m-token
1570060800000,0.0008870106032193045,10m-token
1570147200000,0.0008870106032193045,10m-token
1570233600000,0.0008870106032193045,10m-token
1570320000000,0.0008870106032193045,10m-token
1570406400000,0.0008870106032193045,10m-token
1570492800000,0.0008870106032193045,10m-token
1570579200000,0.0008870106032193045,10m-token
1570665600000,0.0008870106032193045,10m-token
1570752000000,0.0008870106032193045,10m-token
1570838400000,0.0008870106032193045,10m-token
1570924800000,0.0008870106032193045,10m-token
1571011200000,0.0008870106032193045,10m-token
1571097600000,0.0008870106032193045,10m-token
1571184000000,0.0008870106032193045,10m-token
1571270400000,0.0008870106032193045,10m-token
1571356800000,0.0008870106032193045,10m-token
1571443200000,0.0008870106032193045,10m-token
1571529600000,0.0008870106032193045,10m-token
1571616000000,0.0008870106032193045,10m-token
1571702400000,0.0008870106032193045,10m-token
1571788800000,0.0008870106032193045,10m-token
1571875200000,0.0008870106032193045,10m-token
1571961600000,0.0008870106032193045,10m-token
1572048000000,0.0008870106032193045,10m-token
1572134400000,0.0008870106032193045,10m-token
1572220800000,0.0008870106032193045,10m-token
1572307200000,0.0008870106032193045,10m-token
1572393600000,0.0008870106032193045,10m-token
1572480000000,0.0008870106032193045,10m-token
1572566400000,0.0008870106032193045,10m-token
1572652800000,0.0008870106032193045,10m-token
1572739200000,0.0008870106032193045,10m-token
1572825600000,0.0008870106032193045,10m-token
1572912000000,0.0008870106032193045,10m-token
1572998400000,0.0008870106032193045,10m-token
1573084800000,0.0008870106032193045,10m-token
1573171200000,0.0008870106032193045,10m-token
1573257600000,0.0008870106032193045,10m-token
1573344000000,0.0008870106032193045,10m-token
1573430400000,0.0008870106032193045,10m-token
1573516800000,0.0008870106032193045,10m-token
1573603200000,0.0008870106032193045,10m-token
1573689600000,0.0008870106032193045,10m-token
1573776000000,0.0008870106032193045,10m-token
1573862400000,0.0008870106032193045,10m-token
1573948800000,0.0008870106032193045,10m-token
1574035200000,0.0008870106032193045,10m-token
1574121600000,0.0008870106032193045,10m-token
1574208000000,0.0008870106032193045,10m-token
1574294400000,0.0008870106032193045,10m-token
1574380800000,0.0008870106032193045,10m-token
1574467200000,0.0008870106032193045,10m-token
1574553600000,0.0008870106032193045,10m-token
1574640000000,0.0008870106032193045,10m-token
1574726400000,0.0008870106032193045,10m-token
1574812800000,0.0008870106032193045,10m-token
1574899200000,0.0008870106032193045,10m-token
1574985600000,0.0008870106032193045,10m-token
1575072000000,0.0008870106032193045,10m-token
1575158400000,0.0008870106032193045,10m-token
1575244800000,0.0008870106032193045,10m-token
1575331200000,0.0008870106032193045,10m-token
1575417600000,0.0008870106032193045,10m-token
1575504000000,0.0008870106032193045,10m-token
1575590400000,0.0008870106032193045,10m-token
1575676800000,0.0008870106032193045,10m-token
1575763200000,0.0008870106032193045,10m-token
1575849600000,0.0008870106032193045,10m-token
1575936000000,0.0008870106032193045,10m-token
1576022400000,0.0008870106032193045,10m-token
1576108800000,0.0008870106032193045,10m-token
1576195200000,0.0008870106032193045,10m-token
1576281600000,0.0008870106032193045,10m-token
1576368000000,0.0008870106032193045,10m-token
1576454400000,0.0008870106032193045,10m-token
1576540800000,0.0008870106032193045,10m-token
1576627200000,0.0008870106032193045,10m-token
1576713600000,0.0008870106032193045,10m-token
1576800000000,0.0008870106032193045,10m-token
1576886400000,0.0008870106032193045,10m-token
1576972800000,0.0008870106032193045,10m-token
1577059200000,0.0008870106032193045,10m-token
1577145600000,0.0008870106032193045,10m-token
1577232000000,0.0008870106032193045,10m-token
1577318400000,0.0008870106032193045,10m-token
1577404800000,0.0008870106032193045,10m-token
1577332852000,0.0008870106032193045,10m-token
1576627200000,9.994076671099497e-09,10x-long-algorand-token
1576713600000,1.000432028621098e-08,10x-long-algorand-token
1576800000000,9.995861347671065e-09,10x-long-algorand-token
1576886400000,1.00019245887273e-08,10x-long-algorand-token
1576972800000,1.0000301981576313e-08,10x-long-algorand-token
1577059200000,1.0000301981576313e-08,10x-long-algorand-token
1577145600000,1e-08,10x-long-algorand-token
1577232000000,1e-08,10x-long-algorand-token
1577159395000,1e-08,10x-long-algorand-token
1576540800000,0.04625,10x-long-altcoin-index-token
1576627200000,0.0173,10x-long-altcoin-index-token
1576713600000,0.02721808942278298,10x-long-altcoin-index-token
1576800000000,0.01895,10x-long-altcoin-index-token
1576886400000,0.020925,10x-long-altcoin-index-token
1576972800000,0.02024706949446512,10x-long-altcoin-index-token
1577059200000,0.029076862985768195,10x-long-altcoin-index-token
1577145600000,0.030190812001791217,10x-long-altcoin-index-token
1577232000000,0.018475,10x-long-altcoin-index-token
1577318400000,0.01445,10x-long-altcoin-index-token
1577404800000,0.01644253423878983,10x-long-altcoin-index-token
1577491200000,0.018974862138932038,10x-long-altcoin-index-token
1577577600000,0.02225112333098323,10x-long-altcoin-index-token
1577664000000,0.03459870072437201,10x-long-altcoin-index-token
1577750400000,0.023243690084335963,10x-long-altcoin-index-token
1577836800000,0.01876817610653135,10x-long-altcoin-index-token
1577923200000,0.020352358548264345,10x-long-altcoin-index-token
1578009600000,0.021274549230475028,10x-long-altcoin-index-token
1578096000000,0.02324328436664958,10x-long-altcoin-index-token
1578182400000,0.024333594685382844,10x-long-altcoin-index-token
1578268800000,0.02698142479930652,10x-long-altcoin-index-token
1578355200000,0.03735231837725456,10x-long-altcoin-index-token
1578441600000,0.04255,10x-long-altcoin-index-token
1578528000000,0.028306397535990013,10x-long-altcoin-index-token
1578614400000,0.024221498065737465,10x-long-altcoin-index-token
1578700800000,0.05161051506715559,10x-long-altcoin-index-token
1578787200000,0.04864678355715955,10x-long-altcoin-index-token
1578873600000,0.050650312122906285,10x-long-altcoin-index-token
1578960000000,0.0477,10x-long-altcoin-index-token
1579046400000,0.1688625760653106,10x-long-altcoin-index-token
1579132800000,0.09758899162532328,10x-long-altcoin-index-token
1579219200000,0.0728,10x-long-altcoin-index-token
1579305600000,0.09819910669668591,10x-long-altcoin-index-token
1579392000000,0.07187472927928723,10x-long-altcoin-index-token
1579478400000,0.047785614017962746,10x-long-altcoin-index-token
1579564800000,0.048448045547993916,10x-long-altcoin-index-token
1579602878000,0.048228812533694786,10x-long-altcoin-index-token
1575072000000,9.02e-05,10x-long-bitcoin-cash-token
1575158400000,6.234411095215599e-05,10x-long-bitcoin-cash-token
1575244800000,5.475e-05,10x-long-bitcoin-cash-token
1575331200000,4.928183691154315e-05,10x-long-bitcoin-cash-token
1575417600000,4.929804517646256e-05,10x-long-bitcoin-cash-token
1575504000000,4.38977638500037e-05,10x-long-bitcoin-cash-token
1575590400000,4.374930468779986e-05,10x-long-bitcoin-cash-token
1575676800000,4.184089112464503e-05,10x-long-bitcoin-cash-token
1575763200000,3.989993943965255e-05,10x-long-bitcoin-cash-token
1575849600000,4.155243346321464e-05,10x-long-bitcoin-cash-token
1575936000000,3.293003816425803e-05,10x-long-bitcoin-cash-token
1576022400000,2.929949153393477e-05,10x-long-bitcoin-cash-token
1576108800000,2.9029401145285734e-05,10x-long-bitcoin-cash-token
1576195200000,3.061e-05,10x-long-bitcoin-cash-token
1576281600000,3.718e-05,10x-long-bitcoin-cash-token
1576368000000,2.5125585377208143e-05,10x-long-bitcoin-cash-token
1576454400000,2.759587927403458e-05,10x-long-bitcoin-cash-token
1576540800000,1.5094286652964128e-05,10x-long-bitcoin-cash-token
1576627200000,3.6078616782669186e-06,10x-long-bitcoin-cash-token
1576713600000,3.431481858170366e-06,10x-long-bitcoin-cash-token
1576800000000,4.54e-06,10x-long-bitcoin-cash-token
1576886400000,4.64e-06,10x-long-bitcoin-cash-token
1576972800000,4.219876256762561e-06,10x-long-bitcoin-cash-token
1577059200000,6.431044599473518e-06,10x-long-bitcoin-cash-token
1577145600000,4.55e-06,10x-long-bitcoin-cash-token
1577232000000,3.4735808207677112e-06,10x-long-bitcoin-cash-token
1577318400000,3.5312530190084025e-06,10x-long-bitcoin-cash-token
1577404800000,3.9398325129480104e-06,10x-long-bitcoin-cash-token
1577491200000,6.249753499580106e-06,10x-long-bitcoin-cash-token
1577577600000,7.995216677207022e-06,10x-long-bitcoin-cash-token
1577664000000,1.0151823906772478e-05,10x-long-bitcoin-cash-token
1577750400000,7e-06,10x-long-bitcoin-cash-token
1577836800000,5.249870906153026e-06,10x-long-bitcoin-cash-token
1577923200000,5.86753391347263e-06,10x-long-bitcoin-cash-token
1578009600000,3.14e-06,10x-long-bitcoin-cash-token
1578096000000,7.67e-06,10x-long-bitcoin-cash-token
1578182400000,7.969605769328853e-06,10x-long-bitcoin-cash-token
1578268800000,7.300088418189611e-06,10x-long-bitcoin-cash-token
1578355200000,1.4282592680152721e-05,10x-long-bitcoin-cash-token
1578441600000,1.2802212671157645e-05,10x-long-bitcoin-cash-token
1578528000000,7.866881340977545e-06,10x-long-bitcoin-cash-token
1578614400000,6.6742271785313816e-06,10x-long-bitcoin-cash-token
1578700800000,1.58209353477016e-05,10x-long-bitcoin-cash-token
1578787200000,1.1637269577842068e-05,10x-long-bitcoin-cash-token
1578873600000,1.2343838817267831e-05,10x-long-bitcoin-cash-token
1578960000000,1.0979941523239668e-05,10x-long-bitcoin-cash-token
1579046400000,3.644964288696052e-05,10x-long-bitcoin-cash-token
1579132800000,2.3750065926442726e-05,10x-long-bitcoin-cash-token
1579219200000,1.3197047156901518e-05,10x-long-bitcoin-cash-token
1579305600000,2.9089735374812556e-05,10x-long-bitcoin-cash-token
1579392000000,1.163802886818677e-05,10x-long-bitcoin-cash-token
1579478400000,8.08756521768449e-06,10x-long-bitcoin-cash-token
1579564800000,7.256180205025995e-06,10x-long-bitcoin-cash-token
1579598561000,6.5755274392918826e-06,10x-long-bitcoin-cash-token
